Genome ID,Genome Name,Species,Strain,MLST,BioProject Accession,BioSample Accession,Assembly Accession,SRA Accession,GenBank Accessions,Collection Year,Isolation Country,Host Common Name,Host Health,Isolation Source,Comments,Unnamed: 16,Unnamed: 17,Isolation_Source_Clean,Host_Health_Clean,Continent,Kleborate_ID,ST
1244085.3,Klebsiella pneumoniae CG43,Klebsiella pneumoniae,CG43,MLST.klebsiella.86,PRJNA177782,SAMN02603668,GCA_000474015.1,,,,Taiwan,Human,Unknown,liver abscess,,NA,NA,Liver abscess,Unknown,Asia,GCA_000474015.1_ASM47401v1_genomic,ST86
1267897.3,Klebsiella pneumoniae hvKP1,Klebsiella pneumoniae,hvKP1,MLST.klebsiella.86,PRJNA183508,SAMN02471933,GCA_000338255.1,,,,USA,Human,Unknown,"isolated from liver abcess in human, Buffalo, New York",,NA,NA,Liver,Unknown,North America,,
573.1345,Klebsiella pneumoniae strain 5422,Klebsiella pneumoniae,5422,MLST.klebsiella.37,PRJNA241287,SAMN02689125,GCF_000710075.1,,,2012,China,Human,Other liver disease,Bile,,NA,NA,Bile/Biliary,Other liver disease,Asia,GCF_000710075.1_KlePne1.0_genomic,ST37
573.14972,Klebsiella pneumoniae strain H5,Klebsiella pneumoniae,H5,MLST.klebsiella.258,PRJNA375812,SAMN06445941,GCA_002268655.1,SRR5283483,,2012,USA,Human,Liver abscess,Liver cyst,,NA,NA,Liver,Liver abscess,North America,,
573.15902,Klebsiella pneumoniae strain UCLAOXA232KP,Klebsiella pneumoniae,UCLAOXA232KP,,PRJNA293620,SAMN04008892,GCA_001741665.1,,,2014,USA,Human,Other liver disease,abdominal drainage,,NA,NA,Drainage/Pus,Other liver disease,North America,GCA_001741665.1_ASM174166v1_genomic,ST16
573.16345,Klebsiella pneumoniae strain SGH10,Klebsiella pneumoniae,SGH10,,PRJNA391004,SAMN06112188,GCA_002813595.1,SRR6307304,,,Singapore,Human,Liver abscess,liver abscess,,NA,NA,Liver abscess,Liver abscess,Asia,GCA_002813595.1_ASM281359v1_genomic,ST23
573.16472,Klebsiella pneumoniae strain KP8,Klebsiella pneumoniae,KP8,MLST.klebsiella.485,PRJNA420654,SAMN08117208,GCA_002845865.1,,,2009,China,Human,Unknown,,Sample type: The liver abscess puncture fluid,NA,NA,Unknown,Unknown,Asia,GCA_002845865.1_ASM284586v1_genomic,ST485
573.16474,Klebsiella pneumoniae strain KP9,Klebsiella pneumoniae,KP9,MLST.klebsiella.23,PRJNA420765,SAMN08117209,GCA_002845905.1,,,2009,China,Human,Unknown,,Sample type: The liver abscess puncture fluid,NA,NA,Unknown,Unknown,Asia,GCA_002845905.1_ASM284590v1_genomic,ST23
573.16476,Klebsiella pneumoniae strain KP14,Klebsiella pneumoniae,KP14,,PRJNA420653,SAMN08117217,GCA_002845945.1,,,2009,China,Human,Unknown,,Sample type: The liver abscess puncture fluid,NA,NA,Unknown,Unknown,Asia,GCA_002845945.1_ASM284594v1_genomic,ST29
573.16477,Klebsiella pneumoniae strain KP7,Klebsiella pneumoniae,KP7,MLST.klebsiella.1941,PRJNA420616,SAMN08117788,GCA_002845965.1,,,2009,China,Human,Unknown,,Sample type: The liver abscess puncture fluid,NA,NA,Unknown,Unknown,Asia,GCA_002845965.1_ASM284596v1_genomic,ST1941
573.1758,Klebsiella pneumoniae strain SY-A,Klebsiella pneumoniae,SY-A,MLST.klebsiella.258,PRJNA293143,SAMN03997506,GCF_001275285.1,,,2014,USA,Human,Other liver disease,Bile fluid,,NA,NA,Bile/Biliary,Other liver disease,North America,GCF_001275285.1_ASM127528v1_genomic,ST258
573.1759,Klebsiella pneumoniae strain SY-B,Klebsiella pneumoniae,SY-B,MLST.klebsiella.258,PRJNA293143,SAMN03997511,GCF_001275295.1,,,2014,USA,Human,Other liver disease,Respiratory,,NA,NA,Other,Other liver disease,North America,GCF_001275295.1_ASM127529v1_genomic,ST258
573.17591,Klebsiella pneumoniae strain KP6,Klebsiella pneumoniae,KP6,MLST.klebsiella.23,PRJNA420594,SAMN08117205,GCA_002831525.1,,,2009,China,Human,Unknown,,Sample type: The liver abscess puncture fluid,NA,NA,Unknown,Unknown,Asia,GCA_002831525.1_ASM283152v1_genomic,ST23
573.176,Klebsiella pneumoniae strain SY-B2,Klebsiella pneumoniae,SY-B2,MLST.klebsiella.258,PRJNA293143,SAMN03997513,GCF_001275305.1,,,2014,USA,Human,Other liver disease,Blood,,NA,NA,Blood,Other liver disease,North America,GCF_001275305.1_ASM127530v1_genomic,ST258
573.1779,Klebsiella pneumoniae strain LS356,Klebsiella pneumoniae,LS356,MLST.klebsiella.485,PRJNA428155,SAMN08281236,GCA_002870865.1,,,2011,China,Human,Liver abscess,Liver abscess puncture fluid,,NA,NA,Liver abscess,Liver abscess,Asia,GCA_002870865.1_ASM287086v1_genomic,ST485
573.17791,Klebsiella pneumoniae strain LS357,Klebsiella pneumoniae,LS357,MLST.klebsiella.23,PRJNA428157,SAMN08281238,GCA_002870885.1,,,2012,China,Human,Liver abscess,Liver abscess puncture fluid,,NA,NA,Liver abscess,Liver abscess,Asia,GCA_002870885.1_ASM287088v1_genomic,ST23
573.17794,Klebsiella pneumoniae strain LS355,Klebsiella pneumoniae,LS355,MLST.klebsiella.1941,PRJNA428161,SAMN08281242,GCA_002870945.1,,,2011,China,Human,Liver abscess,Liver abscess puncture fluid,,NA,NA,Liver abscess,Liver abscess,Asia,GCA_002870945.1_ASM287094v1_genomic,ST1941
573.17795,Klebsiella pneumoniae strain LS358,Klebsiella pneumoniae,LS358,MLST.klebsiella.29,PRJNA428158,SAMN08281239,GCA_002870985.1,,,2012,China,Human,Liver abscess,Liver abscess puncture fluid,,NA,NA,Liver abscess,Liver abscess,Asia,GCA_002870985.1_ASM287098v1_genomic,ST29
573.17796,Klebsiella pneumoniae strain LS359,Klebsiella pneumoniae,LS359,MLST.Klebsiella_pneumoniae.700,PRJNA428159,SAMN08281240,GCA_002871025.1,,,2013,China,Human,Liver abscess,Liver abscess puncture fluid,,NA,NA,Liver abscess,Liver abscess,Asia,GCA_002871025.1_ASM287102v1_genomic,ST700
573.17806,Klebsiella pneumoniae strain KP1,Klebsiella pneumoniae,KP1,MLST.klebsiella.23,PRJNA419871,SAMN08116692,GCA_002890425.1,,,2009,China,Human,Unknown,,Sample type: The liver abscess puncture fluid,NA,NA,Unknown,Unknown,Asia,GCA_002890425.1_ASM289042v1_genomic,ST23
573.17942,Klebsiella pneumoniae strain hvKP4,Klebsiella pneumoniae,hvKP4,MLST.klebsiella.3690,PRJNA449387,SAMN08902311,GCA_003065165.1,,,2012,USA,Human,Liver abscess,"blood, liver abscess",,NA,NA,Liver abscess,Liver abscess,North America,GCA_003065165.1_ASM306516v1_genomic,ST3690
573.2752,Klebsiella pneumoniae strain P42,Klebsiella pneumoniae,P42,MLST.klebsiella.25,PRJNA564463,SAMN12714271,GCA_008630125.1,,,2013,China,Human,Other liver disease,abdominal fluid,,NA,NA,Other,Other liver disease,Asia,GCA_008630125.1_ASM863012v1_genomic,ST25
573.2797,Klebsiella pneumoniae strain 46615,Klebsiella pneumoniae,46615,MLST.klebsiella.86,PRJNA574750,SAMN12868599,GCA_008830545.1,,,2017,China,Human,Other liver disease,liver abscess,,NA,NA,Liver abscess,Liver abscess,Asia,GCA_008830545.1_ASM883054v1_genomic,ST86
573.27971,Klebsiella pneumoniae strain 46050,Klebsiella pneumoniae,46050,MLST.klebsiella.23,PRJNA574750,SAMN12868598,GCA_008830555.1,,,2017,China,Human,Other liver disease,liver abscess,,NA,NA,Liver abscess,Liver abscess,Asia,GCA_008830555.1_ASM883055v1_genomic,ST23
573.29585,Klebsiella pneumoniae strain 11454,Klebsiella pneumoniae,11454,MLST.klebsiella.86,PRJNA477755,SAMN09499696,GCA_009931075.1,,,2014,China,Human,Liver abscess,Physical,,NA,NA,Other,Liver abscess,Asia,GCA_009931075.1_ASM993107v1_genomic,ST86
573.31599,Klebsiella pneumoniae strain KP-MO-31,Klebsiella pneumoniae,KP-MO-31,MLST.klebsiella.512,PRJNA504600,SAMN10395644,GCA_013055785.1,,,2013,Italy,Human,Other liver disease,rectal swab,,NA,NA,Other,Other liver disease,Europe,GCA_013055785.1_ASM1305578v1_genomic,ST512
573.31612,Klebsiella pneumoniae strain KP-MO-17,Klebsiella pneumoniae,KP-MO-17,MLST.klebsiella.512,PRJNA504600,SAMN10395632,GCA_013056085.1,,,2013,Italy,Human,Liver transplant,bronchoalveolar lavage,,NA,NA,Other,Liver transplant,Europe,GCA_013056085.1_ASM1305608v1_genomic,ST512
573.31622,Klebsiella pneumoniae strain KP-MO-5,Klebsiella pneumoniae,KP-MO-5,MLST.klebsiella.512,PRJNA504600,SAMN10395622,GCA_013056265.1,,,2013,Italy,Human,Other liver disease,rectal swab,,NA,NA,Other,Other liver disease,Europe,GCA_013056265.1_ASM1305626v1_genomic,ST512
573.35028,Klebsiella pneumoniae strain P7701,Klebsiella pneumoniae,P7701,MLST.klebsiella.86,PRJNA643498,SAMN15415285,GCA_015699985.1,,,2017,France,Human,Liver abscess,blood,,NA,NA,Blood,Liver abscess,Europe,GCA_015699985.1_ASM1569998v1_genomic,ST86
573.35029,Klebsiella pneumoniae strain Q3373,Klebsiella pneumoniae,Q3373,MLST.klebsiella.23,PRJNA643504,SAMN15415360,GCA_015700015.1,,,2020,France,Human,Liver abscess,blood,,NA,NA,Blood,Liver abscess,Europe,GCA_015700015.1_ASM1570001v1_genomic,ST23
573.3503,Klebsiella pneumoniae strain Q3569,Klebsiella pneumoniae,Q3569,MLST.klebsiella.23,PRJNA643507,SAMN15415385,GCA_015700025.1,,,2017,France,Human,Liver abscess,blood,,NA,NA,Blood,Liver abscess,Europe,GCA_015700025.1_ASM1570002v1_genomic,ST23
573.36106,Klebsiella pneumoniae strain 4554,Klebsiella pneumoniae,4554,MLST.klebsiella.258,PRJNA507384,SAMN10492566,GCA_016805585.1,,,2016,Ecuador,Human,Unknown,liver abscess,,NA,NA,Liver abscess,Unknown,South America,,
573.38727,Klebsiella pneumoniae strain KP0017,Klebsiella pneumoniae,KP0017,MLST.Klebsiella_pneumoniae.65,PRJNA736556,SAMN19700753,GCA_019165445.1,,,2014,China,Human,Unknown,liver abscess,,NA,NA,Liver abscess,Unknown,Asia,GCA_019165445.1_ASM1916544v1_genomic,ST65
573.38728,Klebsiella pneumoniae strain KP0022,Klebsiella pneumoniae,KP0022,MLST.klebsiella.86,PRJNA736556,SAMN19700758,GCA_019165465.1,,,2016,China,Human,Unknown,liver abscess,,NA,NA,Liver abscess,Unknown,Asia,GCA_019165465.1_ASM1916546v1_genomic,ST86
573.38729,Klebsiella pneumoniae strain KP0002,Klebsiella pneumoniae,KP0002,MLST.klebsiella.133,PRJNA736556,SAMN19700738,GCA_019165455.1,,,2014,China,Human,Unknown,liver abscess,,NA,NA,Liver abscess,Unknown,Asia,GCA_019165455.1_ASM1916545v1_genomic,ST133
573.3873,Klebsiella pneumoniae strain KP0019,Klebsiella pneumoniae,KP0019,MLST.klebsiella.806,PRJNA736556,SAMN19700755,GCA_019165505.1,,,2017,China,Human,Unknown,liver abscess,,NA,NA,Liver abscess,Unknown,Asia,GCA_019165505.1_ASM1916550v1_genomic,ST806
573.38731,Klebsiella pneumoniae strain KP0021,Klebsiella pneumoniae,KP0021,MLST.klebsiella.828,PRJNA736556,SAMN19700757,GCA_019165565.1,,,2017,China,Human,Unknown,liver abscess,,NA,NA,Liver abscess,Unknown,Asia,GCA_019165565.1_ASM1916556v1_genomic,ST828
573.38732,Klebsiella pneumoniae strain KP0020,Klebsiella pneumoniae,KP0020,MLST.klebsiella.806,PRJNA736556,SAMN19700756,GCA_019165545.1,,,2014,China,Human,Unknown,liver abscess,,NA,NA,Liver abscess,Unknown,Asia,GCA_019165545.1_ASM1916554v1_genomic,ST806
573.38733,Klebsiella pneumoniae strain KP0025,Klebsiella pneumoniae,KP0025,MLST.klebsiella.86,PRJNA736556,SAMN19700761,GCA_019165675.1,,,2014,China,Human,Unknown,liver abscess,,NA,NA,Liver abscess,Unknown,Asia,GCA_019165675.1_ASM1916567v1_genomic,ST86
573.38734,Klebsiella pneumoniae strain KP0013,Klebsiella pneumoniae,KP0013,MLST.klebsiella.29,PRJNA736556,SAMN19700749,GCA_019165615.1,,,2013,China,Human,Unknown,liver abscess,,NA,NA,Liver abscess,Unknown,Asia,GCA_019165615.1_ASM1916561v1_genomic,ST29
573.38735,Klebsiella pneumoniae strain KP0024,Klebsiella pneumoniae,KP0024,MLST.klebsiella.86,PRJNA736556,SAMN19700760,GCA_019165595.1,,,2015,China,Human,Unknown,liver abscess,,NA,NA,Liver abscess,Unknown,Asia,GCA_019165595.1_ASM1916559v1_genomic,ST86
573.38736,Klebsiella pneumoniae strain KP0015,Klebsiella pneumoniae,KP0015,MLST.klebsiella.37,PRJNA736556,SAMN19700751,GCA_019165575.1,,,2016,China,Human,Unknown,liver abscess,,NA,NA,Liver abscess,Unknown,Asia,GCA_019165575.1_ASM1916557v1_genomic,ST37
573.38737,Klebsiella pneumoniae strain KP0004,Klebsiella pneumoniae,KP0004,MLST.klebsiella.23,PRJNA736556,SAMN19700740,GCA_019165705.1,,,2017,China,Human,Unknown,liver abscess,,NA,NA,Liver abscess,Unknown,Asia,GCA_019165705.1_ASM1916570v1_genomic,ST23
573.38738,Klebsiella pneumoniae strain KP0008,Klebsiella pneumoniae,KP0008,MLST.klebsiella.23,PRJNA736556,SAMN19700744,GCA_019165725.1,,,2017,China,Human,Unknown,liver abscess,,NA,NA,Liver abscess,Unknown,Asia,GCA_019165725.1_ASM1916572v1_genomic,ST23
573.38739,Klebsiella pneumoniae strain KP0011,Klebsiella pneumoniae,KP0011,MLST.klebsiella.23,PRJNA736556,SAMN19700747,GCA_019165765.1,,,2018,China,Human,Unknown,liver abscess,,NA,NA,Liver abscess,Unknown,Asia,GCA_019165765.1_ASM1916576v1_genomic,ST23
573.3874,Klebsiella pneumoniae strain KP0014,Klebsiella pneumoniae,KP0014,MLST.klebsiella.35,PRJNA736556,SAMN19700750,GCA_019165815.1,,,2016,China,Human,Unknown,liver abscess,,NA,NA,Liver abscess,Unknown,Asia,GCA_019165815.1_ASM1916581v1_genomic,ST35
573.38741,Klebsiella pneumoniae strain KP0003,Klebsiella pneumoniae,KP0003,MLST.klebsiella.218,PRJNA736556,SAMN19700739,GCA_019165655.1,,,2017,China,Human,Unknown,liver abscess,,NA,NA,Liver abscess,Unknown,Asia,GCA_019165655.1_ASM1916565v1_genomic,ST218
573.38742,Klebsiella pneumoniae strain KP0012,Klebsiella pneumoniae,KP0012,MLST.klebsiella.25,PRJNA736556,SAMN19700748,GCA_019165775.1,,,2016,China,Human,Unknown,liver abscess,,NA,NA,Liver abscess,Unknown,Asia,GCA_019165775.1_ASM1916577v1_genomic,ST25
573.38743,Klebsiella pneumoniae strain KP0010,Klebsiella pneumoniae,KP0010,MLST.klebsiella.23,PRJNA736556,SAMN19700746,GCA_019165745.1,,,2013,China,Human,Unknown,liver abscess,,NA,NA,Liver abscess,Unknown,Asia,GCA_019165745.1_ASM1916574v1_genomic,ST23
573.38744,Klebsiella pneumoniae strain KP0001,Klebsiella pneumoniae,KP0001,MLST.klebsiella.111,PRJNA736556,SAMN19700737,GCA_019165785.1,,,2017,China,Human,Unknown,liver abscess,,NA,NA,Liver abscess,Unknown,Asia,GCA_019165785.1_ASM1916578v1_genomic,ST111
573.38745,Klebsiella pneumoniae strain KP0009,Klebsiella pneumoniae,KP0009,MLST.klebsiella.23,PRJNA736556,SAMN19700745,GCA_019165845.1,,,2014,China,Human,Unknown,liver abscess,,NA,NA,Liver abscess,Unknown,Asia,GCA_019165845.1_ASM1916584v1_genomic,ST23
573.38746,Klebsiella pneumoniae strain KP0006,Klebsiella pneumoniae,KP0006,MLST.klebsiella.23,PRJNA736556,SAMN19700742,GCA_019165865.1,,,2015,China,Human,Unknown,liver abscess,,NA,NA,Liver abscess,Unknown,Asia,GCA_019165865.1_ASM1916586v1_genomic,ST23
573.38747,Klebsiella pneumoniae strain KP0018,Klebsiella pneumoniae,KP0018,MLST.klebsiella.700,PRJNA736556,SAMN19700754,GCA_019165875.1,,,2014,China,Human,Unknown,liver abscess,,NA,NA,Liver abscess,Unknown,Asia,GCA_019165875.1_ASM1916587v1_genomic,ST700
573.38748,Klebsiella pneumoniae strain KP0007,Klebsiella pneumoniae,KP0007,MLST.klebsiella.23,PRJNA736556,SAMN19700743,GCA_019165885.1,,,2017,China,Human,Unknown,liver abscess,,NA,NA,Liver abscess,Unknown,Asia,GCA_019165885.1_ASM1916588v1_genomic,ST23
573.38749,Klebsiella pneumoniae strain KP0005,Klebsiella pneumoniae,KP0005,MLST.klebsiella.23,PRJNA736556,SAMN19700741,GCA_019165945.1,,,2016,China,Human,Unknown,liver abscess,,NA,NA,Liver abscess,Unknown,Asia,GCA_019165945.1_ASM1916594v1_genomic,ST23
573.3875,Klebsiella pneumoniae strain KP0016,Klebsiella pneumoniae,KP0016,MLST.klebsiella.60,PRJNA736556,SAMN19700752,GCA_019165925.1,,,2013,China,Human,Unknown,liver abscess,,NA,NA,Liver abscess,Unknown,Asia,GCA_019165925.1_ASM1916592v1_genomic,ST60
573.38751,Klebsiella pneumoniae strain KP0023,Klebsiella pneumoniae,KP0023,MLST.klebsiella.86,PRJNA736556,SAMN19700759,GCA_019165965.1,,,2016,China,Human,Unknown,liver abscess,,NA,NA,Liver abscess,Unknown,Asia,GCA_019165965.1_ASM1916596v1_genomic,ST86
573.38754,Klebsiella pneumoniae strain KP0026,Klebsiella pneumoniae,KP0026,MLST.klebsiella.86,PRJNA736556,SAMN19700762,GCA_019165645.1,,,2018,China,Human,Unknown,liver abscess,,NA,NA,Liver abscess,Unknown,Asia,GCA_019165645.1_ASM1916564v1_genomic,ST86
573.38782,Klebsiella pneumoniae strain KPN_19-106,Klebsiella pneumoniae,KPN_19-106,MLST.klebsiella.380,PRJNA592846,SAMN13441000,GCA_019249995.1,,,2019,China,Human,Unknown,liver abscess of a 14-year-old boy,,NA,NA,Liver abscess,Unknown,Asia,GCA_019249995.1_ASM1924999v1_genomic,ST380
573.404,Klebsiella pneumoniae strain 10271,Klebsiella pneumoniae,10271,MLST.klebsiella.86,PRJEB13452,SAMEA3931432,GCA_900079675.1,,,2014,,Human,Unknown,abscess hepatic,,NA,NA,Liver abscess,Unknown,Unknown,GCA_900079675.1_KPHVMX_PRJEB13452_wgs.embl.gz_genomic,ST86
573.41312,Klebsiella pneumoniae strain SA12,Klebsiella pneumoniae,SA12,MLST.klebsiella.23,PRJNA768294,SAMN22024790,GCA_020525485.1,SRR16202849,,2008,France,Human,Unknown,liver abscess,,NA,NA,Liver abscess,Liver abscess,Europe,SRR16202849_assembled,ST23
573.41316,Klebsiella pneumoniae strain T69,Klebsiella pneumoniae,T69,MLST.klebsiella.375,PRJNA768294,SAMN22024799,GCA_020525865.1,SRR16202839,,2010,France,Human,Unknown,liver abscess,,NA,NA,Liver abscess,Liver abscess,Europe,SRR16202839_assembled,ST375
573.41323,Klebsiella pneumoniae strain BJ1,Klebsiella pneumoniae,BJ1,MLST.klebsiella.380,PRJNA768294,SAMN22024782,GCA_020526065.1,SRR16202829,,2011,France,Human,Unknown,liver abscess,,NA,NA,Liver abscess,Liver abscess,Europe,,
573.47169,Klebsiella pneumoniae AF002KP4,Klebsiella pneumoniae,AF002KP4,MLST.klebsiella.1213,PRJNA794878,SAMN24663366,GCA_022760655.1,,,2020,China,Human,Other liver disease,,,NA,NA,Unknown,Other liver disease,Asia,GCA_022760655.1_ASM2276065v1_genomic,ST1213
573.47171,Klebsiella pneumoniae AF001KP3,Klebsiella pneumoniae,AF001KP3,MLST.klebsiella.36,PRJNA794878,SAMN24663365,GCA_022760695.1,,,2020,China,Human,Other liver disease,,,NA,NA,Unknown,Other liver disease,Asia,GCA_022760695.1_ASM2276069v1_genomic,ST36
573.47345,Klebsiella pneumoniae CNR20160575_S9,Klebsiella pneumoniae,CNR20160575_S9,MLST.klebsiella.65,PRJNA817214,SAMN26750078,GCA_023062675.1,,,2016,Belgium,Human,Liver abscess,blood,,NA,NA,Blood,Liver abscess,Europe,GCA_023062675.1_ASM2306267v1_genomic,ST65
573.47347,Klebsiella pneumoniae CNR20140549_S2,Klebsiella pneumoniae,CNR20140549_S2,MLST.klebsiella.23,PRJNA817214,SAMN26750072,GCA_023062695.1,,,2014,Belgium,Human,Liver abscess,blood,,NA,NA,Blood,Liver abscess,Europe,GCA_023062695.1_ASM2306269v1_genomic,ST23
573.47348,Klebsiella pneumoniae CNR20141030_S4,Klebsiella pneumoniae,CNR20141030_S4,MLST.klebsiella.23,PRJNA817214,SAMN26750074,GCA_023062715.1,,,2014,Belgium,Human,Liver abscess,blood,,NA,NA,Blood,Liver abscess,Europe,GCA_023062715.1_ASM2306271v1_genomic,ST23
573.47349,Klebsiella pneumoniae CNR20180873_S14,Klebsiella pneumoniae,CNR20180873_S14,MLST.klebsiella.65,PRJNA817214,SAMN26750083,GCA_023062725.1,,,2018,Belgium,Human,Liver abscess,blood,,NA,NA,Blood,Liver abscess,Europe,GCA_023062725.1_ASM2306272v1_genomic,ST65
573.47353,Klebsiella pneumoniae CNR20190624_S18,Klebsiella pneumoniae,CNR20190624_S18,MLST.klebsiella.23,PRJNA817214,SAMN26750087,GCA_023062815.1,,,2019,Belgium,Human,Liver abscess,Hepato/biliary,,NA,NA,Bile/Biliary,Liver abscess,Europe,GCA_023062815.1_ASM2306281v1_genomic,ST23
573.47354,Klebsiella pneumoniae CNR20190653_S19,Klebsiella pneumoniae,CNR20190653_S19,MLST.klebsiella.380,PRJNA817214,SAMN26750088,GCA_023062825.1,,,2019,Belgium,Human,Liver abscess,blood,,NA,NA,Blood,Liver abscess,Europe,GCA_023062825.1_ASM2306282v1_genomic,ST380
573.47355,Klebsiella pneumoniae CNR20190153_S16,Klebsiella pneumoniae,CNR20190153_S16,MLST.klebsiella.23,PRJNA817214,SAMN26750085,GCA_023062855.1,,,2019,Belgium,Human,Liver abscess,blood,,NA,NA,Blood,Liver abscess,Europe,GCA_023062855.1_ASM2306285v1_genomic,ST23
573.47356,Klebsiella pneumoniae CNR20190301_S17,Klebsiella pneumoniae,CNR20190301_S17,MLST.klebsiella.3240,PRJNA817214,SAMN26750086,GCA_023062875.1,,,2019,Belgium,Human,Liver abscess,Hepato/biliary,,NA,NA,Bile/Biliary,Liver abscess,Europe,GCA_023062875.1_ASM2306287v1_genomic,ST3240
573.47359,Klebsiella pneumoniae CNR20191223_S21,Klebsiella pneumoniae,CNR20191223_S21,MLST.klebsiella.65,PRJNA817214,SAMN26750090,GCA_023062915.1,,,2019,Belgium,Human,Liver abscess,blood,,NA,NA,Blood,Liver abscess,Europe,GCA_023062915.1_ASM2306291v1_genomic,ST65
573.4736,Klebsiella pneumoniae CNR20170445_S11,Klebsiella pneumoniae,CNR20170445_S11,MLST.klebsiella.23,PRJNA817214,SAMN26750080,GCA_023062955.1,,,2017,Belgium,Human,Liver abscess,blood,,NA,NA,Blood,Liver abscess,Europe,GCA_023062955.1_ASM2306295v1_genomic,ST23
573.47362,Klebsiella pneumoniae CNR20140913_S3,Klebsiella pneumoniae,CNR20140913_S3,MLST.klebsiella.2039,PRJNA817214,SAMN26750073,GCA_023062965.1,,,2014,Belgium,Human,Liver abscess,Hepato/biliary,,NA,NA,Bile/Biliary,Liver abscess,Europe,GCA_023062965.1_ASM2306296v1_genomic,ST2039
573.47363,Klebsiella pneumoniae CNR20180332_S12,Klebsiella pneumoniae,CNR20180332_S12,MLST.klebsiella.380,PRJNA817214,SAMN26750081,GCA_023063055.1,,,2018,Belgium,Human,Liver abscess,blood,,NA,NA,Blood,Liver abscess,Europe,GCA_023063055.1_ASM2306305v1_genomic,ST380
573.47364,Klebsiella pneumoniae CNR20140475_S1,Klebsiella pneumoniae,CNR20140475_S1,MLST.klebsiella.23,PRJNA817214,SAMN26750071,GCA_023063065.1,,,2014,Belgium,Human,Liver abscess,blood,,NA,NA,Blood,Liver abscess,Europe,GCA_023063065.1_ASM2306306v1_genomic,ST23
573.4828,Klebsiella pneumoniae 11668,Klebsiella pneumoniae,11668,MLST.klebsiella.23,PRJNA837046,SAMN28187128,GCA_023472865.1,,,2021,China,Human,Liver abscess,pus,,NA,NA,Drainage/Pus,Liver abscess,Asia,GCA_023472865.1_ASM2347286v1_genomic,ST23
573.4941,Klebsiella pneumoniae MLY_167,Klebsiella pneumoniae,MLY_167,MLST.klebsiella.11,PRJNA844417,SAMN28818464,GCA_024136585.1,,,2019,China,Human,Liver transplant,patients,,NA,NA,Other,Liver transplant,Asia,GCA_024136585.1_ASM2413658v1_genomic,ST11
573.49411,Klebsiella pneumoniae MLY_166,Klebsiella pneumoniae,MLY_166,MLST.klebsiella.11,PRJNA844417,SAMN28818463,GCA_024136565.1,,,2019,China,Human,Liver transplant,patients,,NA,NA,Other,Liver transplant,Asia,GCA_024136565.1_ASM2413656v1_genomic,ST11
573.49412,Klebsiella pneumoniae MLY_165,Klebsiella pneumoniae,MLY_165,MLST.klebsiella.11,PRJNA844417,SAMN28818462,GCA_024136605.1,,,2018,China,Human,Liver transplant,patients,,NA,NA,Other,Liver transplant,Asia,GCA_024136605.1_ASM2413660v1_genomic,ST11
573.49413,Klebsiella pneumoniae MLY_147,Klebsiella pneumoniae,MLY_147,MLST.klebsiella.11,PRJNA844417,SAMN28818461,GCA_024136625.1,,,2018,China,Human,Liver transplant,patients,,NA,NA,Other,Liver transplant,Asia,GCA_024136625.1_ASM2413662v1_genomic,ST11
573.49414,Klebsiella pneumoniae MLY_126,Klebsiella pneumoniae,MLY_126,MLST.klebsiella.11,PRJNA844417,SAMN28818460,GCA_024136645.1,,,2018,China,Human,Liver transplant,patients,,NA,NA,Other,Liver transplant,Asia,GCA_024136645.1_ASM2413664v1_genomic,ST11
573.49415,Klebsiella pneumoniae MLY_109,Klebsiella pneumoniae,MLY_109,MLST.klebsiella.11,PRJNA844417,SAMN28818458,GCA_024136665.1,,,2018,China,Human,Liver transplant,patients,,NA,NA,Other,Liver transplant,Asia,GCA_024136665.1_ASM2413666v1_genomic,ST11
573.49416,Klebsiella pneumoniae MLY_111,Klebsiella pneumoniae,MLY_111,MLST.klebsiella.11,PRJNA844417,SAMN28818459,GCA_024136685.1,,,2018,China,Human,Liver transplant,patients,,NA,NA,Other,Liver transplant,Asia,GCA_024136685.1_ASM2413668v1_genomic,ST11
573.49417,Klebsiella pneumoniae MLY_99,Klebsiella pneumoniae,MLY_99,MLST.klebsiella.11,PRJNA844417,SAMN28818457,GCA_024136695.1,,,2018,China,Human,Liver transplant,patients,,NA,NA,Other,Liver transplant,Asia,GCA_024136695.1_ASM2413669v1_genomic,ST11
573.49418,Klebsiella pneumoniae MLY_70,Klebsiella pneumoniae,MLY_70,MLST.klebsiella.11,PRJNA844417,SAMN28818454,GCA_024136745.1,,,2017,China,Human,Liver transplant,patients,,NA,NA,Other,Liver transplant,Asia,GCA_024136745.1_ASM2413674v1_genomic,ST11
573.49419,Klebsiella pneumoniae MLY_72,Klebsiella pneumoniae,MLY_72,MLST.klebsiella.11,PRJNA844417,SAMN28818456,GCA_024136725.1,,,2018,China,Human,Liver transplant,patients,,NA,NA,Other,Liver transplant,Asia,GCA_024136725.1_ASM2413672v1_genomic,ST11
573.4942,Klebsiella pneumoniae MLY_68,Klebsiella pneumoniae,MLY_68,MLST.klebsiella.6086,PRJNA844417,SAMN28818453,GCA_024136765.1,,,2017,China,Human,Liver transplant,patients,,NA,NA,Other,Liver transplant,Asia,GCA_024136765.1_ASM2413676v1_genomic,ST6086
573.49421,Klebsiella pneumoniae MLY_63,Klebsiella pneumoniae,MLY_63,MLST.klebsiella.11,PRJNA844417,SAMN28818452,GCA_024136775.1,,,2017,China,Human,Liver transplant,patients,,NA,NA,Other,Liver transplant,Asia,GCA_024136775.1_ASM2413677v1_genomic,ST11
573.49422,Klebsiella pneumoniae MLY_36,Klebsiella pneumoniae,MLY_36,MLST.klebsiella.6086,PRJNA844417,SAMN28818451,GCA_024136805.1,,,2017,China,Human,Liver transplant,patients,,NA,NA,Other,Liver transplant,Asia,GCA_024136805.1_ASM2413680v1_genomic,ST6086
573.49423,Klebsiella pneumoniae MLY_71,Klebsiella pneumoniae,MLY_71,MLST.klebsiella.11,PRJNA844417,SAMN28818455,GCA_024136825.1,,,2018,China,Human,Liver transplant,patients,,NA,NA,Other,Liver transplant,Asia,GCA_024136825.1_ASM2413682v1_genomic,ST11
573.49424,Klebsiella pneumoniae MLY_9,Klebsiella pneumoniae,MLY_9,MLST.klebsiella.11,PRJNA844417,SAMN28818450,GCA_024136845.1,,,2016,China,Human,Liver transplant,patients,,NA,NA,Other,Liver transplant,Asia,GCA_024136845.1_ASM2413684v1_genomic,ST11
573.49425,Klebsiella pneumoniae MLY_6,Klebsiella pneumoniae,MLY_6,MLST.klebsiella.11,PRJNA844417,SAMN28818448,GCA_024136865.1,,,2016,China,Human,Liver transplant,patients,,NA,NA,Other,Liver transplant,Asia,GCA_024136865.1_ASM2413686v1_genomic,ST11
573.49426,Klebsiella pneumoniae MLY_7,Klebsiella pneumoniae,MLY_7,MLST.klebsiella.11,PRJNA844417,SAMN28818449,GCA_024136875.1,,,2016,China,Human,Liver transplant,patients,,NA,NA,Other,Liver transplant,Asia,GCA_024136875.1_ASM2413687v1_genomic,ST11
573.49427,Klebsiella pneumoniae MLY_1,Klebsiella pneumoniae,MLY_1,MLST.klebsiella.11,PRJNA844417,SAMN28818447,GCA_024136905.1,,,2016,China,Human,Liver transplant,patients,,NA,NA,Other,Liver transplant,Asia,GCA_024136905.1_ASM2413690v1_genomic,ST11
573.51838,Klebsiella pneumoniae FK5537,Klebsiella pneumoniae,FK5537,MLST.klebsiella.25,PRJNA844536,SAMN28824998,GCA_025762435.1,,,2018,China,Human,Liver abscess,blood,,NA,NA,Blood,Liver abscess,Asia,GCA_025762435.1_ASM2576243v1_genomic,ST25
573.51839,Klebsiella pneumoniae FK6923,Klebsiella pneumoniae,FK6923,MLST.klebsiella.1333,PRJNA844536,SAMN28825001,GCA_025762455.1,,,2019,China,Human,Liver abscess,blood,,NA,NA,Blood,Liver abscess,Asia,GCA_025762455.1_ASM2576245v1_genomic,ST1333
573.5184,Klebsiella pneumoniae FK4603,Klebsiella pneumoniae,FK4603,MLST.klebsiella.11,PRJNA844536,SAMN28824997,GCA_025762465.1,,,2017,China,Human,Liver abscess,blood,,NA,NA,Blood,Liver abscess,Asia,GCA_025762465.1_ASM2576246v1_genomic,ST11
573.51841,Klebsiella pneumoniae FK4276,Klebsiella pneumoniae,FK4276,MLST.klebsiella.86,PRJNA844536,SAMN28824996,GCA_025762525.1,,,2017,China,Human,Liver abscess,Drainage fluid,,NA,NA,Drainage/Pus,Liver abscess,Asia,GCA_025762525.1_ASM2576252v1_genomic,ST86
573.51842,Klebsiella pneumoniae FK3518,Klebsiella pneumoniae,FK3518,MLST.klebsiella.831,PRJNA844536,SAMN28824992,GCA_025762555.1,,,2016,China,Human,Liver abscess,Pus,,NA,NA,Drainage/Pus,Liver abscess,Asia,GCA_025762555.1_ASM2576255v1_genomic,ST831
573.51843,Klebsiella pneumoniae FK3228,Klebsiella pneumoniae,FK3228,MLST.klebsiella.11,PRJNA844536,SAMN28824990,GCA_025762565.1,,,2016,China,Human,Liver abscess,Drainage fluid,,NA,NA,Drainage/Pus,Liver abscess,Asia,GCA_025762565.1_ASM2576256v1_genomic,ST11
573.51844,Klebsiella pneumoniae FK4176,Klebsiella pneumoniae,FK4176,MLST.klebsiella.86,PRJNA844536,SAMN28824995,GCA_025762575.1,,,2017,China,Human,Liver abscess,Drainage fluid,,NA,NA,Drainage/Pus,Liver abscess,Asia,GCA_025762575.1_ASM2576257v1_genomic,ST86
573.51845,Klebsiella pneumoniae FK3521,Klebsiella pneumoniae,FK3521,MLST.klebsiella.29,PRJNA844536,SAMN28824993,GCA_025762615.1,,,2016,China,Human,Liver abscess,Pus,,NA,NA,Drainage/Pus,Liver abscess,Asia,GCA_025762615.1_ASM2576261v1_genomic,ST29
573.51846,Klebsiella pneumoniae FK3038,Klebsiella pneumoniae,FK3038,MLST.klebsiella.23,PRJNA844536,SAMN28824987,GCA_025762655.1,,,2016,China,Human,Liver abscess,Drainage fluid,,NA,NA,Drainage/Pus,Liver abscess,Asia,GCA_025762655.1_ASM2576265v1_genomic,ST23
573.51847,Klebsiella pneumoniae FK3068,Klebsiella pneumoniae,FK3068,MLST.klebsiella.320,PRJNA844536,SAMN28824989,GCA_025762625.1,,,2016,China,Human,Liver abscess,Pus,,NA,NA,Drainage/Pus,Liver abscess,Asia,GCA_025762625.1_ASM2576262v1_genomic,ST320
573.51848,Klebsiella pneumoniae FK3044,Klebsiella pneumoniae,FK3044,MLST.klebsiella.65,PRJNA844536,SAMN28824988,GCA_025762675.1,,,2016,China,Human,Liver abscess,Pus,,NA,NA,Drainage/Pus,Liver abscess,Asia,GCA_025762675.1_ASM2576267v1_genomic,ST65
573.52442,Klebsiella pneumoniae FK8123,Klebsiella pneumoniae,FK8123,MLST.klebsiella.412,PRJNA844536,SAMN28825004,GCA_026156485.1,,,2020,China,Human,Liver abscess,Pus,,NA,NA,Drainage/Pus,Liver abscess,Asia,GCA_026156485.1_ASM2615648v1_genomic,ST412
573.52443,Klebsiella pneumoniae FK7685,Klebsiella pneumoniae,FK7685,MLST.klebsiella.147,PRJNA844536,SAMN28825002,GCA_026156495.1,,,2019,China,Human,Liver abscess,blood,,NA,NA,Blood,Liver abscess,Asia,GCA_026156495.1_ASM2615649v1_genomic,ST147
573.52444,Klebsiella pneumoniae FK7757,Klebsiella pneumoniae,FK7757,MLST.klebsiella.412,PRJNA844536,SAMN28825003,GCA_026156505.1,,,2019,China,Human,Liver abscess,blood,,NA,NA,Blood,Liver abscess,Asia,GCA_026156505.1_ASM2615650v1_genomic,ST412
573.52445,Klebsiella pneumoniae FK6716,Klebsiella pneumoniae,FK6716,MLST.klebsiella.11,PRJNA844536,SAMN28825000,GCA_026156535.1,,,2019,China,Human,Liver abscess,blood,,NA,NA,Blood,Liver abscess,Asia,GCA_026156535.1_ASM2615653v1_genomic,ST11
573.52446,Klebsiella pneumoniae FK6449,Klebsiella pneumoniae,FK6449,MLST.klebsiella.273,PRJNA844536,SAMN28824999,GCA_026156565.1,,,2019,China,Human,Liver abscess,blood,,NA,NA,Blood,Liver abscess,Asia,GCA_026156565.1_ASM2615656v1_genomic,ST273
573.52447,Klebsiella pneumoniae FK3347,Klebsiella pneumoniae,FK3347,MLST.klebsiella.29,PRJNA844536,SAMN28824991,GCA_026156585.1,,,2016,China,Human,Liver abscess,blood,,NA,NA,Blood,Liver abscess,Asia,GCA_026156585.1_ASM2615658v1_genomic,ST29
573.52448,Klebsiella pneumoniae FK3599,Klebsiella pneumoniae,FK3599,MLST.klebsiella.23,PRJNA844536,SAMN28824994,GCA_026156605.1,,,2016,China,Human,Liver abscess,Pus,,NA,NA,Drainage/Pus,Liver abscess,Asia,GCA_026156605.1_ASM2615660v1_genomic,ST23
573.52852,Klebsiella pneumoniae kp114,Klebsiella pneumoniae,kp114,,PRJNA905661,SAMN31880359,GCA_026623375.1,,,2019,China,Human,Other liver disease,Liver puncture,,NA,NA,Drainage/Pus,Other liver disease,Asia,GCA_026623375.1_ASM2662337v1_genomic,ST23
573.52869,Klebsiella pneumoniae kp116,Klebsiella pneumoniae,kp116,,PRJNA905661,SAMN31880360,GCA_026623805.1,,,2019,China,Human,Other liver disease,Liver puncture,,NA,NA,Drainage/Pus,Other liver disease,Asia,GCA_026623805.1_ASM2662380v1_genomic,ST23
573.52873,Klebsiella pneumoniae kp265,Klebsiella pneumoniae,kp265,MLST.klebsiella.23,PRJNA905661,SAMN31880366,GCA_026623815.1,,,2019,China,Human,Other liver disease,Liver puncture,,NA,NA,Drainage/Pus,Other liver disease,Asia,GCA_026623815.1_ASM2662381v1_genomic,ST23
573.52878,Klebsiella pneumoniae kp266,Klebsiella pneumoniae,kp266,MLST.klebsiella.219,PRJNA905661,SAMN31880405,GCA_026623985.1,,,2019,China,Human,Other liver disease,Liver puncture,,NA,NA,Drainage/Pus,Other liver disease,Asia,GCA_026623985.1_ASM2662398v1_genomic,ST219
573.5288,Klebsiella pneumoniae kp610,Klebsiella pneumoniae,kp610,MLST.klebsiella.1536,PRJNA905661,SAMN31880402,GCA_026624045.1,,,2020,China,Human,Other liver disease,Liver puncture,,NA,NA,Drainage/Pus,Other liver disease,Asia,GCA_026624045.1_ASM2662404v1_genomic,ST1536
573.52882,Klebsiella pneumoniae kp621,Klebsiella pneumoniae,kp621,MLST.klebsiella.15,PRJNA905661,SAMN31880404,GCA_026624025.1,,,2020,China,Human,Other liver disease,Liver puncture,,NA,NA,Drainage/Pus,Other liver disease,Asia,GCA_026624025.1_ASM2662402v1_genomic,ST15
573.52889,Klebsiella pneumoniae kp43,Klebsiella pneumoniae,kp43,MLST.klebsiella.3658,PRJNA905661,SAMN31880387,GCA_026624205.1,,,2019,China,Human,Other liver disease,Liver puncture,,NA,NA,Drainage/Pus,Other liver disease,Asia,GCA_026624205.1_ASM2662420v1_genomic,ST3658
573.52898,Klebsiella pneumoniae kp506,Klebsiella pneumoniae,kp506,MLST.klebsiella.23,PRJNA905661,SAMN31880379,GCA_026624445.1,,,2019,China,Human,Other liver disease,Liver puncture,,NA,NA,Drainage/Pus,Other liver disease,Asia,GCA_026624445.1_ASM2662444v1_genomic,ST23
573.52899,Klebsiella pneumoniae kp202,Klebsiella pneumoniae,kp202,MLST.klebsiella.35,PRJNA905661,SAMN31880403,GCA_026624925.1,,,2018,China,Human,Other liver disease,Liver puncture,,NA,NA,Drainage/Pus,Other liver disease,Asia,GCA_026624925.1_ASM2662492v1_genomic,ST35
573.52901,Klebsiella pneumoniae kp605,Klebsiella pneumoniae,kp605,MLST.klebsiella.896,PRJNA905661,SAMN31880406,GCA_026625005.1,,,2020,China,Human,Other liver disease,Liver puncture,,NA,NA,Drainage/Pus,Other liver disease,Asia,GCA_026625005.1_ASM2662500v1_genomic,ST896
573.5488,Klebsiella pneumoniae 1272,Klebsiella pneumoniae,1272,MLST.klebsiella.86,PRJNA937035,SAMN33059481,GCA_029663005.1,,,2022,China,Human,Liver abscess,Drainage fluid,,NA,NA,Drainage/Pus,Liver abscess,Asia,GCA_029663005.1_ASM2966300v1_genomic,ST86
573.54884,Klebsiella pneumoniae 2223,Klebsiella pneumoniae,2223,MLST.klebsiella.23,PRJNA937035,SAMN33059473,GCA_029663205.1,,,2022,China,Human,Other liver disease,blood,,NA,NA,Blood,Other liver disease,Asia,GCA_029663205.1_ASM2966320v1_genomic,ST23
573.54885,Klebsiella pneumoniae 2960,Klebsiella pneumoniae,2960,MLST.klebsiella.60,PRJNA937035,SAMN33059472,GCA_029663245.1,,,2022,China,Human,Liver abscess,Other specimens,,NA,NA,Other,Liver abscess,Asia,GCA_029663245.1_ASM2966324v1_genomic,ST60
573.54894,Klebsiella pneumoniae 2641,Klebsiella pneumoniae,2641,MLST.klebsiella.23,PRJNA937035,SAMN33059464,GCA_029664645.1,,,2022,China,Human,Liver abscess,Drainage fluid,,NA,NA,Drainage/Pus,Liver abscess,Asia,GCA_029664645.1_ASM2966464v1_genomic,ST23
573.63146,Klebsiella pneumoniae 14652,Klebsiella pneumoniae,14652,MLST.klebsiella.23,PRJNA985271,SAMN37985424,GCA_033194675.1,,,2023,Mexico,Human,Liver abscess,Pyogenic liver abscess,,NA,NA,Liver abscess,Liver abscess,North America,GCA_033194675.1_ASM3319467v1_genomic,ST23
573.63175,Klebsiella pneumoniae LREC_296,Klebsiella pneumoniae,LREC_296,MLST.klebsiella.16,PRJNA891646,SAMN31340319,GCA_033273325.1,SRR26938680,,2019,Spain,Human,Other liver disease,liver,,NA,NA,Liver,Other liver disease,Europe,SRR26938680_assembled,ST16
573.64643,Klebsiella pneumoniae MJH545,Klebsiella pneumoniae,MJH545,MLST.klebsiella.15,PRJNA1023834,SAMN37671778,GCA_035284485.1,SRR26896786,,2018,Portugal,Human,Liver abscess,Percutaneous drainage,,NA,NA,Drainage/Pus,Liver abscess,Europe,SRR26896786_assembled,ST15
573.65518,Klebsiella pneumoniae 20200622_MGL-72_B4,Klebsiella pneumoniae,20200622_MGL-72_B4,MLST.klebsiella.395,PRJNA924087,SAMN32745637,GCA_036530675.1,,,2020,India,Human,Other liver disease,Peritoneal fluid,,NA,NA,Other,Other liver disease,Asia,GCA_036530675.1_ASM3653067v1_genomic,ST395
573.65532,Klebsiella pneumoniae KPN3866,Klebsiella pneumoniae,KPN3866,MLST.klebsiella.29,PRJNA1072026,SAMN39725114,GCA_036542045.1,SRR27842369,,2022,Italy,Human,Liver abscess,Abscess drainage liquid,,NA,NA,Drainage/Pus,Liver abscess,Europe,SRR27842369_assembled,ST29
573.69615,Klebsiella pneumoniae KP2005568,Klebsiella pneumoniae,KP2005568,MLST.klebsiella.23,PRJNA1078342,SAMN40563589,GCA_037727355.1,SRR31742341,,2020,Ireland,Human,Unknown,Aspirate liver abscess,,NA,NA,Liver abscess,Unknown,Europe,SRR31742341_assembled,ST23
573.69617,Klebsiella pneumoniae KP2002643,Klebsiella pneumoniae,KP2002643,MLST.klebsiella.23,PRJNA1078342,SAMN40563584,GCA_037727395.1,SRR31742346,,2020,Ireland,Human,Unknown,Aspirate liver abscess,,NA,NA,Liver abscess,Unknown,Europe,SRR31742346_assembled,ST23
573.7225,Klebsiella pneumoniae strain KP04C62,Klebsiella pneumoniae,KP04C62,MLST.klebsiella.512,PRJNA341925,SAMN05730643,GCF_001884765.1,,,2011,Italy,Human,Liver abscess,blood,,NA,NA,Blood,Liver abscess,Europe,GCF_001884765.1_ASM188476v1_genomic,ST512
573.73027,Klebsiella pneumoniae Kp2449,Klebsiella pneumoniae,Kp2449,MLST.klebsiella.23,PRJNA1101738,SAMN41002031,,,"CP152063,CP152064,CP152065",2021,China,Human,Unknown,liver abscess drainage fluid,,NA,NA,Liver abscess,Unknown,Asia,573.73027,ST23
573.73035,Klebsiella pneumoniae MRSN972095,Klebsiella pneumoniae,MRSN972095,MLST.klebsiella.86,PRJNA1090858,SAMN41018408,,,"CP152338,CP152339",2009,USA,Human,Liver abscess,liver,,NA,NA,Liver,Liver abscess,North America,573.73035,ST86
573.73497,Klebsiella pneumoniae hmv-318Kp,Klebsiella pneumoniae,hmv-318Kp,MLST.klebsiella.512,PRJNA1100498,SAMN40970352,GCA_039581625.1,SRR28905830,,2023,Italy,Human,Other liver disease,liver abscess,,NA,NA,Liver abscess,Liver abscess,Europe,SRR28905830_assembled,ST512
573.73498,Klebsiella pneumoniae 304Kp,Klebsiella pneumoniae,304Kp,MLST.klebsiella.512,PRJNA1100498,SAMN40970351,GCA_039581635.1,SRR28905831,,2023,Italy,Human,Other liver disease,liver abscess,,NA,NA,Liver abscess,Liver abscess,Europe,SRR28905831_assembled,ST512
573.7382,Klebsiella pneumoniae strain GN-2,Klebsiella pneumoniae,GN-2,MLST.klebsiella.485,PRJNA349219,SAMN05928590,GCF_001939885.1,,,2015,China,Human,Liver abscess,Drainage samples from liver abscess,,NA,NA,Liver abscess,Liver abscess,Asia,GCF_001939885.1_ASM193988v1_genomic,ST485
573.7383,Klebsiella pneumoniae strain GN-3,Klebsiella pneumoniae,GN-3,MLST.klebsiella.23,PRJNA349219,SAMN05928591,GCA_001939855.1,,,2015,China,Human,Liver abscess,Drainage samples from liver abscess,,NA,NA,Liver abscess,Liver abscess,Asia,GCA_001939855.1_ASM193985v1_genomic,ST23
573.77662,Klebsiella pneumoniae K38,Klebsiella pneumoniae,K38,MLST.Klebsiella_pneumoniae.14,PRJNA979022,SAMN35564775,GCA_040715865.1,,,2019,India,Human,Liver transplant,blood,,NA,NA,Blood,Liver transplant,Asia,GCA_040715865.1_ASM4071586v1_genomic,ST14
573.77665,Klebsiella pneumoniae K36,Klebsiella pneumoniae,K36,MLST.Klebsiella_pneumoniae.231,PRJNA979022,SAMN35564773,GCA_040715925.1,,,2020,India,Human,Liver transplant,blood,,NA,NA,Blood,Liver transplant,Asia,GCA_040715925.1_ASM4071592v1_genomic,ST231
573.77676,Klebsiella pneumoniae K16,Klebsiella pneumoniae,K16,MLST.Klebsiella_pneumoniae.11,PRJNA979022,SAMN35564754,GCA_040716125.1,,,2019,India,Human,Liver abscess,blood,,NA,NA,Blood,Liver abscess,Asia,GCA_040716125.1_ASM4071612v1_genomic,ST11
573.78084,Klebsiella pneumoniae LAKp235,Klebsiella pneumoniae,LAKp235,,PRJNA1142088,SAMN42927410,,,"CP165612,CP165613,CP165614",2017,Taiwan,Human,Liver abscess,liver abscess,,NA,NA,Liver abscess,Liver abscess,Asia,573.78084,ST23
573.78192,Klebsiella pneumoniae 35242,Klebsiella pneumoniae,35242,MLST.Klebsiella_pneumoniae.258,PRJNA1144492,SAMN43038502,GCA_041224705.1,,,2015,USA,Human,Liver transplant,feces,,NA,NA,Other,Liver transplant,North America,GCA_041224705.1_ASM4122470v1_genomic,ST258
573.78193,Klebsiella pneumoniae 35132A,Klebsiella pneumoniae,35132A,MLST.Klebsiella_pneumoniae.258,PRJNA1144492,SAMN43038499,GCA_041224745.1,,,2014,USA,Human,Liver transplant,feces,,NA,NA,Other,Liver transplant,North America,GCA_041224745.1_ASM4122474v1_genomic,ST258
573.78194,Klebsiella pneumoniae 35088A,Klebsiella pneumoniae,35088A,MLST.Klebsiella_pneumoniae.258,PRJNA1144492,SAMN43038498,GCA_041224775.1,,,2014,USA,Human,Liver transplant,feces,,NA,NA,Other,Liver transplant,North America,GCA_041224775.1_ASM4122477v1_genomic,ST258
573.78195,Klebsiella pneumoniae 35011,Klebsiella pneumoniae,35011,MLST.Klebsiella_pneumoniae.258,PRJNA1144492,SAMN43038497,GCA_041224785.1,,,2014,USA,Human,Liver transplant,feces,,NA,NA,Other,Liver transplant,North America,GCA_041224785.1_ASM4122478v1_genomic,ST258
573.78196,Klebsiella pneumoniae 35161A,Klebsiella pneumoniae,35161A,MLST.Klebsiella_pneumoniae.17,PRJNA1144492,SAMN43038500,GCA_041224805.1,,,2014,USA,Human,Liver transplant,feces,,NA,NA,Other,Liver transplant,North America,GCA_041224805.1_ASM4122480v1_genomic,ST17
573.78197,Klebsiella pneumoniae 35340A,Klebsiella pneumoniae,35340A,MLST.Klebsiella_pneumoniae.258,PRJNA1144492,SAMN43038503,GCA_041224835.1,,,2015,USA,Human,Liver transplant,feces,,NA,NA,Other,Liver transplant,North America,GCA_041224835.1_ASM4122483v1_genomic,ST258
573.78607,Klebsiella pneumoniae LAKp01,Klebsiella pneumoniae,LAKp01,,PRJNA1150160,SAMN43272452,,,"CP167968,CP167969",2007,Taiwan,Human,Liver abscess,liver abscess,,NA,NA,Liver abscess,Liver abscess,Asia,573.78607,ST23
573.78609,Klebsiella pneumoniae LAKp06,Klebsiella pneumoniae,LAKp06,MLST.Klebsiella_pneumoniae.23,PRJNA1150172,SAMN43272468,,,"CP167970,CP167971,CP167972",2007,Taiwan,Human,Liver abscess,liver abscess,,NA,NA,Liver abscess,Liver abscess,Asia,573.78609,ST23
573.7861,Klebsiella pneumoniae LA54,Klebsiella pneumoniae,LA54,MLST.Klebsiella_pneumoniae.23,PRJNA1150176,SAMN43272523,,,"CP167973,CP167974,CP167975",2007,Taiwan,Human,Liver abscess,liver abscess,,NA,NA,Liver abscess,Liver abscess,Asia,,
573.78611,Klebsiella pneumoniae LA60,Klebsiella pneumoniae,LA60,MLST.Klebsiella_pneumoniae.23,PRJNA1150181,SAMN43273390,,,"CP167976,CP167977,CP167978",2007,Taiwan,Human,Liver abscess,liver abscess,,NA,NA,Liver abscess,Liver abscess,Asia,573.78611,ST23
573.78612,Klebsiella pneumoniae LA63,Klebsiella pneumoniae,LA63,MLST.Klebsiella_pneumoniae.373,PRJNA1150183,SAMN43273399,,,"CP167979,CP167980",2007,Taiwan,Human,Liver abscess,liver abscess,,NA,NA,Liver abscess,Liver abscess,Asia,573.78612,ST373
573.78613,Klebsiella pneumoniae LA64,Klebsiella pneumoniae,LA64,MLST.Klebsiella_pneumoniae.65,PRJNA1150184,SAMN43273600,,,"CP167981,CP167982",2007,Taiwan,Human,Liver abscess,liver abscess,,NA,NA,Liver abscess,Liver abscess,Asia,573.78613,ST65
573.78616,Klebsiella pneumoniae LA79,Klebsiella pneumoniae,LA79,MLST.Klebsiella_pneumoniae.23,PRJNA1150187,SAMN43273619,,,"CP168049,CP168050",2007,Taiwan,Human,Liver abscess,liver abscess,,NA,NA,Liver abscess,Liver abscess,Asia,573.78616,ST23
573.78617,Klebsiella pneumoniae LA68,Klebsiella pneumoniae,LA68,MLST.Klebsiella_pneumoniae.268,PRJNA1150185,SAMN43273609,,,"CP168046,CP168047,CP168048",2007,Taiwan,Human,Liver abscess,liver abscess,,NA,NA,Liver abscess,Liver abscess,Asia,573.78617,ST268
573.78618,Klebsiella pneumoniae LA111,Klebsiella pneumoniae,LA111,MLST.Klebsiella_pneumoniae.660,PRJNA1150200,SAMN43274017,,,"CP168055,CP168056",2007,Taiwan,Human,Liver abscess,liver abscess,,NA,NA,Liver abscess,Liver abscess,Asia,573.78618,ST660
573.78619,Klebsiella pneumoniae LA96,Klebsiella pneumoniae,LA96,MLST.Klebsiella_pneumoniae.375,PRJNA1150196,SAMN43273852,,,"CP168053,CP168054",2007,Taiwan,Human,Liver abscess,liver abscess,,NA,NA,Liver abscess,Liver abscess,Asia,573.78619,ST375
573.7862,Klebsiella pneumoniae LA88,Klebsiella pneumoniae,LA88,,PRJNA1150194,SAMN43273719,,,"CP168051,CP168052",2007,Taiwan,Human,Liver abscess,liver abscess,,NA,NA,Liver abscess,Liver abscess,Asia,,
573.80604,Klebsiella pneumoniae MRSN972125,Klebsiella pneumoniae,MRSN972125,MLST.Klebsiella_pneumoniae.86,PRJNA1090858,SAMN41061928,,,JBEWTS000000000,2009,USA,Human,Unknown,,sample type: Liver,NA,NA,Unknown,Unknown,North America,,
573.80605,Klebsiella pneumoniae MRSN130378,Klebsiella pneumoniae,MRSN130378,MLST.Klebsiella_pneumoniae.86,PRJNA1090858,SAMN41061926,,,JBEWTU000000000,2009,USA,Human,Unknown,,sample type: Liver,NA,NA,Unknown,Unknown,North America,,
573.80606,Klebsiella pneumoniae MRSN110345,Klebsiella pneumoniae,MRSN110345,MLST.Klebsiella_pneumoniae.86,PRJNA1090858,SAMN41061927,,,JBEWTT000000000,2009,USA,Human,Unknown,,sample type: Liver,NA,NA,Unknown,Unknown,North America,,
573.80607,Klebsiella pneumoniae MRSN972175,Klebsiella pneumoniae,MRSN972175,MLST.Klebsiella_pneumoniae.86,PRJNA1090858,SAMN41061929,,,JBEWTR000000000,2009,USA,Human,Unknown,,sample type: Liver,NA,NA,Unknown,Unknown,North America,,
573.80608,Klebsiella pneumoniae MRSN110344,Klebsiella pneumoniae,MRSN110344,MLST.Klebsiella_pneumoniae.86,PRJNA1090858,SAMN41061925,,,JBEWTV000000000,2009,USA,Human,Unknown,,sample type: Liver,NA,NA,Unknown,Unknown,North America,,
573.8061,Klebsiella pneumoniae MRSN110342,Klebsiella pneumoniae,MRSN110342,MLST.Klebsiella_pneumoniae.86,PRJNA1090858,SAMN41061924,,,JBEWTW000000000,2009,USA,Human,Unknown,,sample type: Liver,NA,NA,Unknown,Unknown,North America,,
573.80611,Klebsiella pneumoniae MRSN110343,Klebsiella pneumoniae,MRSN110343,MLST.Klebsiella_pneumoniae.86,PRJNA1090858,SAMN41061923,,,JBEWTX000000000,2009,USA,Human,Unknown,,sample type: Liver,NA,NA,Unknown,Unknown,North America,,
573.81255,Klebsiella pneumoniae BUH3,Klebsiella pneumoniae,BUH3,MLST.Klebsiella_pneumoniae.198,PRJNA1186724,SAMN44771391,,,CP174450,2022,Spain,Human,Liver abscess,Abscess drainage,,NA,NA,Drainage/Pus,Liver abscess,Europe,573.81255,ST198
573.81256,Klebsiella pneumoniae BUH2,Klebsiella pneumoniae,BUH2,MLST.Klebsiella_pneumoniae.198,PRJNA1186724,SAMN44771390,,,CP174451,2022,Spain,Human,Liver abscess,Abscess drainage,,NA,NA,Drainage/Pus,Liver abscess,Europe,573.81256,ST198
573.81257,Klebsiella pneumoniae BUH1,Klebsiella pneumoniae,BUH1,MLST.Klebsiella_pneumoniae.198,PRJNA1186724,SAMN44771389,,,CP174452,2022,Spain,Human,Liver abscess,Abscess drainage,,NA,NA,Drainage/Pus,Liver abscess,Europe,573.81257,ST198
573.81714,Klebsiella pneumoniae LA19,Klebsiella pneumoniae,LA19,MLST.Klebsiella_pneumoniae.268,PRJNA1150174,SAMN43272504,,,"CP168099,CP168100",2007,Taiwan,Human,Liver abscess,liver abscess,,NA,NA,Liver abscess,Liver abscess,Asia,573.81714,ST268
573.81747,Klebsiella pneumoniae KP126,Klebsiella pneumoniae,KP126,,PRJNA1206319,SAMN46077203,,,JBKIKJ000000000,2019,China,Human,Unknown,liver puncture fluid,,NA,NA,Drainage/Pus,Other liver disease,Asia,,
573.81762,Klebsiella pneumoniae LAhvKp40,Klebsiella pneumoniae,LAhvKp40,,PRJNA1202667,SAMN45963233,,,"CP176880,CP176881",2007,Taiwan,Human,Liver abscess,liver,,NA,NA,Liver,Liver abscess,Asia,573.81762,ST23
573.81763,Klebsiella pneumoniae LAhvKp138,Klebsiella pneumoniae,LAhvKp138,,PRJNA1202672,SAMN45963276,,,"CP176882,CP176883",2007,Taiwan,Human,Liver abscess,liver,,NA,NA,Liver,Liver abscess,Asia,573.81763,ST23
573.81764,Klebsiella pneumoniae LAhvKp143,Klebsiella pneumoniae,LAhvKp143,,PRJNA1202678,SAMN45963429,,,"CP176884,CP176885",2007,Taiwan,Human,Liver abscess,liver,,NA,NA,Liver,Liver abscess,Asia,573.81764,ST23
573.81765,Klebsiella pneumoniae LAhvKp191,Klebsiella pneumoniae,LAhvKp191,MLST.Klebsiella_pneumoniae.1049,PRJNA1202683,SAMN45963433,,,"CP176886,CP176887",2007,Taiwan,Human,Liver abscess,liver,,NA,NA,Liver,Liver abscess,Asia,573.81765,ST1049
573.81766,Klebsiella pneumoniae LAhvKp198-2017,Klebsiella pneumoniae,LAhvKp198-2017,,PRJNA1202686,SAMN45963450,,,"CP176888,CP176889",2017,Taiwan,Human,Liver abscess,liver,,NA,NA,Liver,Liver abscess,Asia,573.81766,ST23
573.81767,Klebsiella pneumoniae LAhvKp204,Klebsiella pneumoniae,LAhvKp204,,PRJNA1202694,SAMN45963524,,,"CP176894,CP176895",2007,Taiwan,Human,Liver abscess,liver,,NA,NA,Liver,Liver abscess,Asia,573.81767,ST23
573.81768,Klebsiella pneumoniae LAhvKp232,Klebsiella pneumoniae,LAhvKp232,MLST.Klebsiella_pneumoniae.23,PRJNA1202883,SAMN45964991,,,"CP176964,CP176965",2017,Taiwan,Human,Liver abscess,liver,,NA,NA,Liver,Liver abscess,Asia,573.81768,ST23
573.81769,Klebsiella pneumoniae LAhvKp238,Klebsiella pneumoniae,LAhvKp238,MLST.Klebsiella_pneumoniae.23,PRJNA1202890,SAMN45965099,,,"CP176974,CP176975,CP176976",2017,Taiwan,Human,Liver abscess,liver,,NA,NA,Liver,Liver abscess,Asia,573.81769,ST23
573.8177,Klebsiella pneumoniae LAhvKp160,Klebsiella pneumoniae,LAhvKp160,MLST.Klebsiella_pneumoniae.29,PRJNA1202859,SAMN45964867,,,"CP176944,CP176945",2017,Taiwan,Human,Liver abscess,liver,,NA,NA,Liver,Liver abscess,Asia,,
573.81771,Klebsiella pneumoniae LAhvKp234,Klebsiella pneumoniae,LAhvKp234,MLST.Klebsiella_pneumoniae.86,PRJNA1202886,SAMN45965089,,,"CP176969,CP176970,CP176971",2017,Taiwan,Human,Liver abscess,liver,,NA,NA,Liver,Liver abscess,Asia,573.81771,ST86
573.81772,Klebsiella pneumoniae LAhvKp230,Klebsiella pneumoniae,LAhvKp230,MLST.Klebsiella_pneumoniae.65,PRJNA1202881,SAMN45964972,,,"CP176961,CP176962,CP176963",2017,Taiwan,Human,Liver abscess,liver,,NA,NA,Liver,Liver abscess,Asia,573.81772,ST65
573.81773,Klebsiella pneumoniae LAhvKp150,Klebsiella pneumoniae,LAhvKp150,MLST.Klebsiella_pneumoniae.23,PRJNA1202857,SAMN45964865,,,"CP176942,CP176943",2017,Taiwan,Human,Liver abscess,liver,,NA,NA,Liver,Liver abscess,Asia,573.81773,ST23
573.81774,Klebsiella pneumoniae LAhvKp243,Klebsiella pneumoniae,LAhvKp243,MLST.Klebsiella_pneumoniae.828,PRJNA1202895,SAMN45965119,,,"CP176981,CP176982",2017,Taiwan,Human,Liver abscess,liver,,NA,NA,Liver,Liver abscess,Asia,573.81774,ST828
573.81776,Klebsiella pneumoniae LAhvKp179,Klebsiella pneumoniae,LAhvKp179,MLST.Klebsiella_pneumoniae.23,PRJNA1202875,SAMN45964892,,,"CP176954,CP176955,CP176956",2017,Taiwan,Human,Liver abscess,liver,,NA,NA,Liver,Liver abscess,Asia,573.81776,ST23
573.81777,Klebsiella pneumoniae LAhvKp175-2017,Klebsiella pneumoniae,LAhvKp175-2017,MLST.Klebsiella_pneumoniae.76,PRJNA1202872,SAMN45964891,,,"CP176952,CP176953",2017,Taiwan,Human,Liver abscess,liver,,NA,NA,Liver,Liver abscess,Asia,573.81777,ST76
573.81778,Klebsiella pneumoniae LAhvKp241,Klebsiella pneumoniae,LAhvKp241,MLST.Klebsiella_pneumoniae.60,PRJNA1202894,SAMN45965118,,,"CP176979,CP176980",2017,Taiwan,Human,Liver abscess,liver,,NA,NA,Liver,Liver abscess,Asia,573.81778,ST60
573.81789,Klebsiella pneumoniae LAhvKp200,Klebsiella pneumoniae,LAhvKp200,MLST.Klebsiella_pneumoniae.76,PRJNA1202688,SAMN45963507,,,"CP176890,CP176891",2007,Taiwan,Human,Liver abscess,liver,,NA,NA,Liver,Liver abscess,Asia,573.81789,ST76
573.81791,Klebsiella pneumoniae LAhvKp201,Klebsiella pneumoniae,LAhvKp201,MLST.Klebsiella_pneumoniae.76,PRJNA1202692,SAMN45963520,,,"CP176892,CP176893",2007,Taiwan,Human,Liver abscess,liver,,NA,NA,Liver,Liver abscess,Asia,573.81791,ST76
573.81792,Klebsiella pneumoniae LAhvKp211,Klebsiella pneumoniae,LAhvKp211,,PRJNA1202698,SAMN45963593,,,"CP176896,CP176897",2007,Taiwan,Human,Liver abscess,liver,,NA,NA,Liver,Liver abscess,Asia,573.81792,ST23
573.81793,Klebsiella pneumoniae LAhvKp218,Klebsiella pneumoniae,LAhvKp218,,PRJNA1202699,SAMN45963594,,,"CP176900,CP176901",2007,Taiwan,Human,Liver abscess,liver,,NA,NA,Liver,Liver abscess,Asia,573.81793,ST23
573.81794,Klebsiella pneumoniae LAhvKp221,Klebsiella pneumoniae,LAhvKp221,MLST.Klebsiella_pneumoniae.65,PRJNA1202700,SAMN45963595,,,"CP176902,CP176903",2007,Taiwan,Human,Liver abscess,liver,,NA,NA,Liver,Liver abscess,Asia,573.81794,ST65
573.81795,Klebsiella pneumoniae LAhvKp03,Klebsiella pneumoniae,LAhvKp03,,PRJNA1202703,SAMN45963598,,,"CP176907,CP176906",2017,Taiwan,Human,Liver abscess,liver,,NA,NA,Liver,Liver abscess,Asia,573.81795,ST23
573.81796,Klebsiella pneumoniae LAhvKp228,Klebsiella pneumoniae,LAhvKp228,,PRJNA1202701,SAMN45963596,,,"CP176904,CP176905",2007,Taiwan,Human,Liver abscess,liver,,NA,NA,Liver,Liver abscess,Asia,573.81796,ST23
573.81797,Klebsiella pneumoniae LAhvKp08,Klebsiella pneumoniae,LAhvKp08,MLST.Klebsiella_pneumoniae.1049,PRJNA1202708,SAMN45963628,,,"CP176910,CP176911",2017,Taiwan,Human,Liver abscess,liver,,NA,NA,Liver,Liver abscess,Asia,573.81797,ST1049
573.81798,Klebsiella pneumoniae LAhvKp46,Klebsiella pneumoniae,LAhvKp46,MLST.Klebsiella_pneumoniae.60,PRJNA1202724,SAMN45963743,,,CP176926,2017,Taiwan,Human,Liver abscess,liver,,NA,NA,Liver,Liver abscess,Asia,573.81798,ST60
573.81799,Klebsiella pneumoniae LAhvKp44,Klebsiella pneumoniae,LAhvKp44,MLST.Klebsiella_pneumoniae.828,PRJNA1202722,SAMN45963736,,,"CP176924,CP176925",2017,Taiwan,Human,Liver abscess,liver,,NA,NA,Liver,Liver abscess,Asia,573.81799,ST828
573.818,Klebsiella pneumoniae LAhvKp52,Klebsiella pneumoniae,LAhvKp52,,PRJNA1202725,SAMN45963746,,,"CP176927,CP176928,CP176929",2017,Taiwan,Human,Liver abscess,liver,,NA,NA,Liver,Liver abscess,Asia,,
573.81801,Klebsiella pneumoniae LAhvKp62,Klebsiella pneumoniae,LAhvKp62,MLST.Klebsiella_pneumoniae.23,PRJNA1202728,SAMN45963993,,,"CP176932,CP176933",2017,Taiwan,Human,Liver abscess,liver,,NA,NA,Liver,Liver abscess,Asia,573.81801,ST23
573.81802,Klebsiella pneumoniae LAhvKp53,Klebsiella pneumoniae,LAhvKp53,MLST.Klebsiella_pneumoniae.23,PRJNA1202727,SAMN45963747,,,"CP176930,CP176931",2017,Taiwan,Human,Liver abscess,liver,,NA,NA,Liver,Liver abscess,Asia,573.81802,ST23
573.81803,Klebsiella pneumoniae LAhvKp161,Klebsiella pneumoniae,LAhvKp161,MLST.Klebsiella_pneumoniae.1764,PRJNA1202862,SAMN45964868,,,"CP176946,CP176947",2017,Taiwan,Human,Liver abscess,liver,,NA,NA,Liver,Liver abscess,Asia,573.81803,ST1764
573.81804,Klebsiella pneumoniae LAhvKp141,Klebsiella pneumoniae,LAhvKp141,MLST.Klebsiella_pneumoniae.23,PRJNA1202852,SAMN45964861,,,"CP176940,CP176941",2017,Taiwan,Human,Liver abscess,liver,,NA,NA,Liver,Liver abscess,Asia,573.81804,ST23
573.81805,Klebsiella pneumoniae LAhvKp237,Klebsiella pneumoniae,LAhvKp237,MLST.Klebsiella_pneumoniae.23,PRJNA1202889,SAMN45965098,,,"CP176972,CP176973",2017,Taiwan,Human,Liver abscess,liver,,NA,NA,Liver,Liver abscess,Asia,573.81805,ST23
573.81806,Klebsiella pneumoniae LAhvKp240,Klebsiella pneumoniae,LAhvKp240,MLST.Klebsiella_pneumoniae.76,PRJNA1202893,SAMN45965111,,,"CP176977,CP176978",2017,Taiwan,Human,Liver abscess,liver,,NA,NA,Liver,Liver abscess,Asia,573.81806,ST76
573.81807,Klebsiella pneumoniae LAhvKp135,Klebsiella pneumoniae,LAhvKp135,MLST.Klebsiella_pneumoniae.23,PRJNA1202850,SAMN45964851,,,"CP176898,CP176899",2017,Taiwan,Human,Liver abscess,liver,,NA,NA,Liver,Liver abscess,Asia,573.81807,ST23
573.81808,Klebsiella pneumoniae LAhvKp217,Klebsiella pneumoniae,LAhvKp217,MLST.Klebsiella_pneumoniae.218,PRJNA1202880,SAMN45964971,,,"CP176959,CP176960",2017,Taiwan,Human,Liver abscess,liver,,NA,NA,Liver,Liver abscess,Asia,573.81808,ST218
573.8181,Klebsiella pneumoniae LAhvKp164,Klebsiella pneumoniae,LAhvKp164,MLST.Klebsiella_pneumoniae.76,PRJNA1202866,SAMN45964890,,,"CP176951,CP176950",2017,Taiwan,Human,Liver abscess,liver,,NA,NA,Liver,Liver abscess,Asia,,
573.81811,Klebsiella pneumoniae LAhvKp233,Klebsiella pneumoniae,LAhvKp233,MLST.Klebsiella_pneumoniae.660,PRJNA1202885,SAMN45965046,,,"CP176968,CP176966,CP176967",2017,Taiwan,Human,Liver abscess,liver,,NA,NA,Liver,Liver abscess,Asia,573.81811,ST660
573.81812,Klebsiella pneumoniae LAhvKp163,Klebsiella pneumoniae,LAhvKp163,MLST.Klebsiella_pneumoniae.23,PRJNA1202864,SAMN45964889,,,"CP176948,CP176949",2017,Taiwan,Human,Liver abscess,liver,,NA,NA,Liver,Liver abscess,Asia,573.81812,ST23
573.81813,Klebsiella pneumoniae LAhvKp23,Klebsiella pneumoniae,LAhvKp23,,PRJNA1202711,SAMN45963639,,,"CP176912,CP176913",2017,Taiwan,Human,Liver abscess,liver,,NA,NA,Liver,Liver abscess,Asia,573.81813,ST23
573.81814,Klebsiella pneumoniae LAhvKp186,Klebsiella pneumoniae,LAhvKp186,MLST.Klebsiella_pneumoniae.29,PRJNA1202877,SAMN45964896,,,"CP176957,CP176958",2017,Taiwan,Human,Liver abscess,liver,,NA,NA,Liver,Liver abscess,Asia,573.81814,ST29
573.81815,Klebsiella pneumoniae LAhvKp07,Klebsiella pneumoniae,LAhvKp07,MLST.Klebsiella_pneumoniae.660,PRJNA1202706,SAMN45963625,,,"CP176908,CP176909",2017,Taiwan,Human,Liver abscess,liver,,NA,NA,Liver,Liver abscess,Asia,573.81815,ST660
573.81816,Klebsiella pneumoniae LAhvKp37,Klebsiella pneumoniae,LAhvKp37,,PRJNA1202718,SAMN45963732,,,"CP176919,CP176920,CP176921",2017,Taiwan,Human,Liver abscess,liver,,NA,NA,Liver,Liver abscess,Asia,573.81816,ST23
573.81817,Klebsiella pneumoniae LAhvKp24,Klebsiella pneumoniae,LAhvKp24,MLST.Klebsiella_pneumoniae.23,PRJNA1202715,SAMN45963668,,,"CP176914,CP176915",2017,Taiwan,Human,Liver abscess,liver,,NA,NA,Liver,Liver abscess,Asia,573.81817,ST23
573.81818,Klebsiella pneumoniae LAhvKp41,Klebsiella pneumoniae,LAhvKp41,,PRJNA1202720,SAMN45963735,,,"CP176922,CP176923",2017,Taiwan,Human,Liver abscess,liver,,NA,NA,Liver,Liver abscess,Asia,573.81818,ST23
573.81819,Klebsiella pneumoniae LAhvKp31,Klebsiella pneumoniae,LAhvKp31,MLST.Klebsiella_pneumoniae.5,PRJNA1202716,SAMN45963669,,,"CP176916,CP176917,CP176918",2017,Taiwan,Human,Liver abscess,liver,,NA,NA,Liver,Liver abscess,Asia,573.81819,ST5
573.8182,Klebsiella pneumoniae LAhvKp99,Klebsiella pneumoniae,LAhvKp99,MLST.Klebsiella_pneumoniae.592,PRJNA1202732,SAMN45964030,,,"CP176934,CP176935",2017,Taiwan,Human,Liver abscess,liver,,NA,NA,Liver,Liver abscess,Asia,,
573.81821,Klebsiella pneumoniae LAhvKp100,Klebsiella pneumoniae,LAhvKp100,MLST.Klebsiella_pneumoniae.23,PRJNA1202734,SAMN45964040,,,"CP176936,CP176937",2017,Taiwan,Human,Liver abscess,liver,,NA,NA,Liver,Liver abscess,Asia,573.81821,ST23
573.81822,Klebsiella pneumoniae LAhvKp108,Klebsiella pneumoniae,LAhvKp108,MLST.Klebsiella_pneumoniae.86,PRJNA1202849,SAMN45964845,,,"CP176939,CP176938",2017,Taiwan,Human,Liver abscess,liver,,NA,NA,Liver,Liver abscess,Asia,573.81822,ST86
573.81877,Klebsiella pneumoniae LAhvKp175-2007,Klebsiella pneumoniae,LAhvKp175-2007,MLST.Klebsiella_pneumoniae.11,PRJNA1202680,SAMN45963431,,,"CP177191,CP177192,CP177193,CP177194,CP177195",2007,Taiwan,Human,Liver abscess,liver,,NA,NA,Liver,Liver abscess,Asia,573.81877,ST11
573.83643,Klebsiella pneumoniae LAhvKp90,Klebsiella pneumoniae,LAhvKp90,,PRJNA1202730,SAMN45964007,,,"CP180415,CP180416,CP180417",2017,Taiwan,Human,Liver abscess,liver,,NA,NA,Liver,Liver abscess,Asia,573.83643,ST23
573.84178,Klebsiella pneumoniae LA86,Klebsiella pneumoniae,LA86,MLST.Klebsiella_pneumoniae.65,PRJNA1150192,SAMN43273683,,,"CP182887,CP182893,CP182886,CP182888,CP182889,CP182890,CP182891,CP182892",2007,Taiwan,Human,Liver abscess,liver abscess,,NA,NA,Liver abscess,Liver abscess,Asia,573.84178,ST65
573.84281,Klebsiella pneumoniae LAhvKp142,Klebsiella pneumoniae,LAhvKp142,MLST.Klebsiella_pneumoniae.23,PRJNA1202674,SAMN45963286,,,"CP183012,CP183011,CP183013",2007,Taiwan,Human,Liver abscess,liver,,NA,NA,Liver,Liver abscess,Asia,573.84281,ST23
573.84285,Klebsiella pneumoniae LAhvKp198,Klebsiella pneumoniae,LAhvKp198,MLST.Klebsiella_pneumoniae.23,PRJNA1202684,SAMN45963435,,,"CP183014,CP183015,CP183016",2007,Taiwan,Human,Liver abscess,liver,,NA,NA,Liver,Liver abscess,Asia,573.84285,ST23
573.84288,Klebsiella pneumoniae LAhvKp199,Klebsiella pneumoniae,LAhvKp199,MLST.Klebsiella_pneumoniae.23,PRJNA1202687,SAMN45963464,,,"CP183017,CP183018",2007,Taiwan,Human,Liver abscess,liver,,NA,NA,Liver,Liver abscess,Asia,573.84288,ST23
573.972,Klebsiella pneumoniae strain Kp2,Klebsiella pneumoniae,Kp2,MLST.klebsiella.3738,PRJNA379106,SAMN06579316,GCA_002027655.1,,,2013,Switzerland,Human,Unknown,liver abscess,,NA,NA,Liver abscess,Unknown,Europe,,
573.9776,Klebsiella pneumoniae strain KP1246,Klebsiella pneumoniae,KP1246,MLST.klebsiella.258,PRJNA383450,SAMN06765486,GCA_002115605.1,,,2014,USA,Human,Unknown,Liver drainage,,NA,NA,Drainage/Pus,Unknown,North America,GCA_002115605.1_ASM211560v1_genomic,ST258
72407.1417,Klebsiella pneumoniae subsp. pneumoniae strain KUH-KPNHVF1,Klebsiella pneumoniae,KUH-KPNHVF1,MLST.klebsiella.23,PRJNA594107,SAMN13503956,GCA_009909305.1,,,2017,South Korea,Human,Liver abscess,stool,,NA,NA,Other,Liver abscess,Asia,GCA_009909305.1_ASM990930v1_genomic,ST23
72407.1418,Klebsiella pneumoniae subsp. pneumoniae strain KUH-KPNHVL1,Klebsiella pneumoniae,KUH-KPNHVL1,MLST.klebsiella.23,PRJNA594105,SAMN13503954,GCA_009909325.1,,,2017,South Korea,Human,Liver abscess,liver abscess,,NA,NA,Liver abscess,Liver abscess,Asia,GCA_009909325.1_ASM990932v1_genomic,ST23
72407.627,Klebsiella pneumoniae subsp. pneumoniae strain KpvST23L_OXA-48,Klebsiella pneumoniae,KpvST23L_OXA-48,MLST.klebsiella.23,PRJNA378804,SAMN06562536,GCA_002210445.1,,,2016,United Kingdom,Human,Liver abscess,feces,,NA,NA,Other,Liver abscess,Europe,GCA_002210445.1_ASM221044v1_genomic,ST23
NA,,,,,,,GCF_046599435.1,,,,China,,Unknown,,,NA,NA,,Liver abscess,Asia,GCF_046599435.1_ASM4659943v1_genomic,ST23
NA,,,,,,,GCF_040538195.1,,,,USA,,Unknown,,,NA,NA,,Unknown,North America,GCF_040538195.1_ASM4053819v1_genomic,ST86
NA,,,,,,,GCF_040538245.1,,,,USA,,Unknown,,,NA,NA,,Unknown,North America,GCF_040538245.1_ASM4053824v1_genomic,ST86
NA,,,,,,,GCF_040538135.1,,,,USA,,Unknown,,,NA,NA,,Unknown,North America,GCF_040538135.1_ASM4053813v1_genomic,ST86
NA,,,,,,,GCF_040538265.1,,,,USA,,Unknown,,,NA,NA,,Unknown,North America,GCF_040538265.1_ASM4053826v1_genomic,ST86
NA,,,,,,,GCF_040538155.1,,,,USA,,Unknown,,,NA,NA,,Unknown,North America,GCF_040538155.1_ASM4053815v1_genomic,ST86
NA,,,,,,,GCF_040538215.1,,,,USA,,Unknown,,,NA,NA,,Unknown,North America,GCF_040538215.1_ASM4053821v1_genomic,ST86
573.78610,Klebsiella pneumoniae 573.78610,Klebsiella pneumoniae,573.78610,MLST.klebsiella.23,,,,,,,Taiwan,Human,Liver abscess,liver abscess,SGH Taiwan liver abscess cohort,,,liver abscess,Liver abscess,Asia,573.78610,ST23
573.78620,Klebsiella pneumoniae 573.78620,Klebsiella pneumoniae,573.78620,MLST.klebsiella.23,,,,,,,Taiwan,Human,Liver abscess,liver abscess,SGH Taiwan liver abscess cohort,,,liver abscess,Liver abscess,Asia,573.78620,ST23
573.81770,Klebsiella pneumoniae 573.81770,Klebsiella pneumoniae,573.81770,MLST.klebsiella.29,,,,,,,Taiwan,Human,Liver abscess,liver abscess,SGH Taiwan liver abscess cohort,,,liver abscess,Liver abscess,Asia,573.81770,ST29
573.81800,Klebsiella pneumoniae 573.81800,Klebsiella pneumoniae,573.81800,MLST.klebsiella.36,,,,,,,Taiwan,Human,Liver abscess,liver abscess,SGH Taiwan liver abscess cohort,,,liver abscess,Liver abscess,Asia,573.81800,ST36
573.81810,Klebsiella pneumoniae 573.81810,Klebsiella pneumoniae,573.81810,MLST.klebsiella.76,,,,,,,Taiwan,Human,Liver abscess,liver abscess,SGH Taiwan liver abscess cohort,,,liver abscess,Liver abscess,Asia,573.81810,ST76
573.81820,Klebsiella pneumoniae 573.81820,Klebsiella pneumoniae,573.81820,MLST.klebsiella.592,,,,,,,Taiwan,Human,Liver abscess,liver abscess,SGH Taiwan liver abscess cohort,,,liver abscess,Liver abscess,Asia,573.81820,ST592
